ID,y
1,56.12247
2,68.29225
3,57.71534
4,54.696907
5,64.33222
8,64.57331
10,64.32802
11,64.73283
12,70.45124
14,68.88525
15,70.45124
16,66.14062
17,68.64569
19,65.66398
20,63.374786
21,68.64569
22,68.76983
23,68.64569
26,65.10499
28,67.33162
29,68.64569
33,68.64569
35,64.59478
41,68.64569
42,66.22489
43,72.08763
45,62.798313
46,65.12291
51,67.26746
53,59.671402
55,64.45211
56,68.82223
57,66.346924
58,68.55102
59,64.61632
63,68.49126
64,62.842403
65,63.374786
69,65.48609
71,66.716736
72,66.68716
73,64.10163
76,65.07543
77,64.75276
78,68.652954
82,67.26746
83,63.374786
84,68.88525
85,66.53527
87,65.34819
88,68.64569
89,64.140816
91,64.50034
93,68.82223
94,63.951126
95,68.55102
96,65.41121
97,62.393307
98,63.888103
99,69.767334
101,68.34645
103,64.140816
104,65.64217
105,67.73056
110,66.67183
111,64.59694
113,63.662823
114,65.86313
115,68.40948
117,64.140816
120,68.321236
121,67.48037
122,64.04726
123,66.182304
126,65.2428
132,68.67541
135,67.63994
137,66.906845
138,62.810776
140,68.82223
142,69.53378
144,65.9122
148,62.393307
149,63.96857
155,63.151314
156,65.05988
157,62.393307
162,65.53208
163,68.050026
167,65.0452
172,72.08763
179,64.28614
180,63.241997
181,66.62414
182,64.23221
183,64.140816
185,64.140816
187,64.45211
188,67.26746
189,68.21258
191,68.07217
192,67.40175
193,63.30416
194,67.3562
195,69.26635
196,65.41189
198,70.00956
199,65.9122
201,63.875774
204,62.810776
205,66.09116
206,69.16028
210,69.26635
211,68.34645
216,65.9122
219,70.45124
220,64.083626
221,68.07447
226,66.62414
227,66.91179
228,65.9122
230,65.41121
231,62.393307
235,69.81731
236,69.44555
238,66.67615
242,63.951126
243,64.50034
244,55.45194
245,69.09751
247,64.57445
248,65.84024
249,64.604004
250,66.82741
251,69.44555
253,69.81731
254,68.1447
256,64.27116
257,62.393307
258,66.61052
259,69.767334
262,61.375923
266,68.29225
267,64.33222
272,64.45211
273,64.140816
275,63.374786
276,64.687004
279,68.321236
280,63.374786
283,63.382042
285,65.9122
288,64.140816
289,63.640614
290,63.374786
291,69.26635
292,66.12292
293,64.45211
296,63.374786
297,63.662823
298,68.652954
299,67.26746
304,62.810776
305,57.59512
306,65.41371
307,66.62414
311,69.29306
313,66.62414
314,69.50857
316,69.684296
324,68.793236
327,64.91776
329,62.810776
330,67.3562
337,63.58747
338,66.16319
339,63.875774
340,63.985046
343,63.83905
345,70.45124
346,67.66893
347,64.33222
349,69.291565
350,63.34007
352,63.80765
353,63.69807
354,55.491653
357,64.22216
358,64.41363
362,65.78427
364,69.38624
365,67.06826
366,69.26901
367,64.45211
368,64.17929
370,56.96945
373,68.55102
377,67.508156
378,63.764008
382,65.07543
384,65.9122
390,68.169914
392,64.28614
393,67.759125
395,64.23221
396,63.875774
399,56.705605
406,66.62414
408,66.62414
409,63.82703
410,55.441586
412,66.04904
413,63.164913
419,68.55102
420,63.951126
421,63.189537
430,68.332466
434,63.855232
436,67.66893
437,68.82223
438,64.84613
439,65.41121
440,70.00956
443,63.86129
446,64.35119
448,68.169914
452,63.619633
453,64.649994
457,64.11533
458,67.26746
459,68.64569
460,65.41121
462,64.933304
464,66.58728
465,70.45124
467,64.01044
471,63.50184
472,54.89115
473,69.26635
475,64.680275
480,68.82223
488,65.20911
490,66.62414
491,69.027336
492,57.71534
493,64.22216
497,62.743584
498,63.098812
499,64.59478
500,65.12291
501,67.26746
502,64.4491
506,58.279358
510,64.95009
511,64.35119
512,62.810776
516,65.45505
518,68.07217
519,65.082275
521,67.66893
522,69.53378
526,66.307
529,68.64569
532,65.9043
533,66.16187
536,64.292076
537,68.88525
539,64.10163
540,68.34645
541,64.54421
543,68.21258
546,63.662823
547,70.00956
548,56.038296
551,64.5893
552,66.295044
556,64.659966
557,68.64569
558,64.45211
559,68.45327
560,65.892075
562,66.6416
566,69.38624
570,63.098812
571,68.82223
572,63.374786
573,67.26746
575,70.45124
576,66.84847
577,65.20777
579,64.37562
580,64.83321
581,68.67541
589,66.62414
591,66.81192
593,68.70234
594,66.20667
595,65.66398
598,65.39553
602,64.45211
604,66.25408
606,69.291565
608,69.26901
609,68.34645
610,67.26746
616,64.33222
617,64.7433
618,67.34946
620,65.5311
622,64.55958
623,62.931644
624,69.53378
626,66.72802
628,65.84501
629,67.1887
630,65.41121
637,64.72265
638,63.875774
643,69.53378
645,68.82223
646,65.6227
648,66.152725
652,68.57316
653,68.82223
654,63.098812
656,65.16957
657,69.50857
659,66.13495
660,65.804436
663,65.46564
664,68.34645
666,66.20954
668,64.280685
669,68.169914
671,65.79472
675,64.90461
677,68.63247
678,68.55102
679,64.63084
682,68.69549
685,66.09779
687,63.640614
688,66.27744
693,67.01662
696,67.45976
698,62.77872
701,68.169914
704,65.28946
705,70.45124
709,65.539276
710,68.71356
711,64.02352
712,69.19648
714,66.58518
715,60.163826
716,66.62414
717,63.374786
720,70.45124
721,68.07217
724,63.900833
725,62.810776
726,63.888103
728,66.172035
731,68.00915
734,64.4661
738,63.795322
745,64.45211
746,62.810776
751,56.02472
754,67.83261
756,68.00915
758,67.83261
759,68.34645
761,68.76983
766,69.38624
767,64.45211
768,62.931644
769,63.692863
770,67.51939
771,57.71534
772,65.41121
773,64.5893
774,64.72545
776,65.9122
777,70.13704
780,72.08763
782,68.34645
787,66.05122
788,64.10163
792,62.931644
793,63.5998
798,70.41883
800,62.77872
806,66.62414
809,65.41121
811,63.02346
812,67.51939
814,70.45124
816,67.910484
817,67.24016
818,66.51929
820,65.625916
823,67.26746
829,63.938732
830,68.91046
831,62.77872
834,65.99879
839,66.79877
841,59.13678
844,68.34645
845,67.26746
848,62.810776
850,68.169914
851,65.41121
852,62.028908
854,62.77872
855,64.76492
856,66.54884
859,66.58728
861,64.72545
864,63.448944
865,63.5998
866,64.85217
867,64.9155
869,69.19648
871,63.448944
872,66.62414
882,65.98483
883,64.78252
885,68.321236
888,67.45976
893,66.43862
901,68.55102
903,69.027336
904,63.40456
905,65.41121
910,68.82223
911,66.15442
914,64.292076
918,65.40261
921,64.55939
928,67.67637
929,65.03011
932,68.169914
933,65.497314
934,68.82223
935,63.768215
937,55.474285
939,67.26746
940,66.43232
941,65.15331
942,69.027336
943,63.243725
944,65.41121
947,66.62414
949,64.16381
951,64.61632
952,68.94456
953,69.027336
954,55.572037
957,65.9122
959,63.84327
960,65.653435
963,70.45124
965,66.62414
967,64.9383
971,65.55082
972,54.89115
973,63.589924
974,65.9122
975,68.91011
978,69.732124
980,66.00783
981,63.954205
984,64.292076
986,68.82223
988,62.931644
989,66.537834
990,66.08721
992,68.55102
996,68.82223
999,66.424286
1000,69.38624
1001,63.5998
1002,63.219948
1003,65.9122
1004,64.84613
1008,65.82689
1009,67.29268
1010,64.41287
1012,66.21467
1013,66.12097
1014,62.903572
1015,62.93737
1016,70.45124
1019,63.88248
1020,68.032814
1021,68.82223
1022,65.28946
1024,68.82223
1025,56.196617
1027,69.38624
1028,64.4661
1029,68.28679
1030,68.88525
1033,65.9122
1036,69.50857
1037,68.49126
1038,63.88303
1042,67.26746
1043,66.15442
1044,63.658146
1045,65.99879
1047,68.64569
1050,68.21258
1051,66.085464
1054,65.22656
1056,63.954205
1057,64.78252
1059,63.23131
1062,68.64569
1063,64.788475
1064,63.954205
1066,64.535385
1070,66.39351
1076,66.94389
1077,68.88525
1078,67.00523
1080,64.83321
1082,65.14193
1083,64.91776
1089,68.64569
1091,67.45976
1093,64.35119
1097,65.7867
1099,62.77606
1101,68.82223
1103,68.229225
1104,66.5628
1106,63.759716
1109,68.18904
1110,67.3562
1111,70.18528
1112,68.68048
1114,67.26746
1116,64.083626
1117,67.63994
1120,67.56154
1124,67.85802
1125,64.49649
1126,65.64797
1134,64.33222
1137,64.604004
1138,66.14652
1144,67.54615
1145,65.66398
1146,69.50857
1148,68.91011
1150,67.56154
1152,68.34645
1153,69.50857
1154,65.31232
1155,67.26746
1157,67.97749
1162,67.26746
1165,65.9122
1166,68.28679
1167,65.406334
1168,68.82223
1169,66.58728
1171,68.76983
1172,68.64569
1173,66.58728
1174,65.46654
1176,64.76492
1177,66.16126
1178,64.22216
1182,65.34819
1186,68.82223
1187,64.59694
1188,64.604004
1189,72.08763
1191,64.61632
1192,68.321236
1197,68.73348
1198,63.474552
1200,54.89115
1201,65.244286
1203,65.69379
1209,70.45124
1214,65.03011
1218,68.27032
1222,68.1447
1226,69.00212
1228,68.070786
1230,68.1447
1232,54.01602
1233,69.50857
1236,68.64569
1238,68.71356
1241,67.54615
1244,64.11533
1246,66.202774
1247,64.84601
1250,64.41363
1251,65.31269
1254,66.16187
1255,68.71356
1256,65.59681
1257,65.73178
1258,69.636055
1259,67.54615
1260,67.88926
1263,65.87461
1267,56.038296
1268,64.256874
1271,68.321236
1272,66.43862
1274,65.006905
1275,67.26746
1276,66.085464
1277,63.88303
1279,69.50857
1281,69.26635
1282,64.604004
1283,64.78713
1285,66.8326
1286,65.5076
1289,65.9043
1296,64.61632
1299,68.88525
1301,68.82223
1306,67.56154
1307,63.72117
1308,69.50857
1313,66.085464
1314,63.26302
1315,67.3562
1316,67.3738
1317,66.43862
1319,62.810776
1323,68.82223
1324,66.36845
1325,64.52142
1328,64.45035
1329,64.033775
1330,64.72545
1331,66.884636
1332,66.829506
1337,69.732124
1338,64.90561
1339,67.66893
1340,64.78713
1343,64.256874
1347,66.40349
1348,65.35996
1349,64.9383
1352,69.50857
1354,64.76492
1359,65.287315
1360,68.82223
1363,66.43862
1364,67.45976
1365,66.68716
1366,68.45327
1372,67.754906
1375,65.33644
1376,64.78252
1378,64.90461
1379,64.647766
1380,68.82223
1381,66.58728
1384,68.79057
1387,69.00212
1388,66.16401
1392,54.927643
1394,66.25542
1395,69.50857
1396,66.62414
1398,65.324776
1399,66.62414
1400,63.82703
1401,63.23131
1403,65.3558
1404,67.35041
1406,66.62414
1407,67.26746
1408,65.87461
1410,56.038296
1412,66.62414
1413,62.810776
1415,62.522472
1420,65.87461
1422,68.27032
1423,68.40948
1424,65.87461
1425,68.88525
1426,56.038296
1427,66.62495
1429,68.88525
1430,64.33222
1431,64.76492
1432,66.829506
1434,67.437965
1437,65.1554
1438,65.03011
1440,65.150986
1441,63.098812
1442,64.22216
1444,64.45211
1445,63.26302
1446,67.84547
1448,64.35119
1453,63.374786
1454,66.62414
1455,68.321236
1456,69.53378
1458,66.62414
1459,62.60381
1461,68.321236
1465,69.00212
1466,66.46831
1469,68.82223
1472,63.374786
1474,63.738358
1477,63.759716
1479,64.28857
1482,69.16028
1483,54.01602
1487,69.38624
1488,63.098812
1490,67.85802
1492,69.53378
1494,72.08763
1496,63.374786
1497,66.91599
1499,68.1447
1502,64.77451
1507,66.323044
1508,69.50857
1509,64.28857
1511,62.810776
1512,66.172035
1513,68.652954
1514,64.32802
1518,65.41121
1519,63.164913
1522,66.46831
1524,54.89115
1527,64.22216
1529,60.771732
1532,65.63255
1536,67.74114
1537,70.45124
1539,63.195705
1542,64.45211
1543,64.78252
1544,65.2428
1545,55.695045
1550,64.78252
1551,65.78427
1554,66.14062
1556,68.34645
1559,65.73178
1560,53.844124
1562,67.51939
1566,64.84613
1567,65.41121
1569,66.276634
1570,68.68048
1571,66.5628
1574,69.50857
1578,68.34645
1580,68.57316
1583,65.49597
1584,69.50857
1585,65.1749
1586,69.38624
1587,65.9122
1588,64.53477
1590,69.403755
1592,66.08721
1596,68.94426
1598,64.45211
1599,67.26746
1604,68.169914
1606,65.98483
1607,62.810776
1608,64.30808
1609,68.76983
1611,63.82703
1613,68.321236
1616,65.1097
1619,66.78005
1620,65.20735
1621,65.41121
1622,65.54773
1625,68.55102
1627,68.76983
1629,64.45211
1634,65.9445
1636,64.22216
1638,64.9383
1639,68.1447
1641,65.43055
1643,69.50857
1644,63.82703
1645,72.08763
1646,69.26635
1647,66.6416
1648,63.546013
1652,68.57316
1653,65.34819
1656,63.374786
1658,67.26746
1659,67.3562
1661,68.82223
1663,62.810776
1664,64.83321
1665,66.280334
1666,68.34645
1667,65.242256
1668,54.73662
1669,62.68144
1670,68.88525
1672,66.86326
1674,62.903572
1677,63.098812
1678,63.164913
1679,67.06826
1680,69.00212
1683,65.03011
1686,67.40949
1687,68.27032
1689,64.45211
1690,65.46564
1691,70.45124
1692,65.34819
1693,69.50857
1695,65.04674
1696,63.374786
1697,67.3562
1700,68.34645
1701,69.38624
1702,65.9122
1703,63.164913
1704,63.779697
1706,64.1416
1707,64.292076
1708,62.90672
1710,68.169914
1711,65.41121
1713,64.788475
1717,64.4661
1719,68.34645
1720,67.26746
1722,65.04674
1725,65.439285
1726,62.90672
1727,64.20813
1729,65.439285
1730,67.56154
1731,66.356064
1733,68.34645
1734,65.04674
1735,68.27032
1738,68.321236
1742,70.00956
1745,62.903572
1747,69.38624
1749,64.04434
1751,64.02681
1752,54.89115
1753,64.92394
1754,68.169914
1755,64.680275
1756,63.967567
1758,65.36637
1759,68.321236
1760,63.875774
1761,64.45211
1762,65.11435
1763,64.256874
1764,69.26901
1766,68.169914
1768,65.085434
1769,56.038296
1771,64.16381
1772,66.09341
1773,65.03011
1774,68.64569
1775,64.16381
1777,65.9122
1779,68.321236
1780,63.374786
1787,63.164913
1788,65.67793
1790,65.347115
1796,66.67615
1801,63.786217
1803,63.275394
1807,66.09824
1809,64.45211
1812,68.71356
1813,64.14416
1814,68.88525
1815,64.99498
1816,62.522472
1818,64.40571
1820,64.40373
1821,68.64569
1822,63.418026
1825,65.90573
1826,66.84548
1828,63.26611
1831,66.5628
1836,64.49649
1837,63.841057
1841,65.79057
1844,67.36236
1848,68.55102
1851,63.195705
1852,63.640614
1853,63.453217
1854,65.28946
1856,69.01424
1859,64.45211
1860,62.618416
1861,54.89115
1863,65.03011
1865,65.15331
1866,63.195705
1867,69.50857
1868,63.164913
1872,63.841057
1879,69.26635
1880,67.34647
1882,68.070786
1885,65.03011
1887,64.87265
1888,65.34628
1890,65.07489
1894,68.321236
1895,68.16821
1896,64.40791
1897,65.441376
1900,64.68918
1901,65.73178
1902,62.7157
1905,68.1447
1906,65.64797
1912,69.027336
1915,62.894295
1916,64.9383
1917,63.219948
1918,65.41121
1920,54.89115
1923,68.332466
1924,64.212135
1925,63.6659
1930,68.76983
1932,66.62414
1933,68.79057
1934,64.49909
1935,65.73178
1940,56.038296
1941,64.02681
1942,63.951126
1943,68.169914
1944,64.089836
1945,68.793236
1948,70.45124
1949,63.49166
1952,67.65571
1954,69.50857
1955,65.87461
1958,65.46564
1959,58.279358
1960,64.256874
1963,63.382042
1965,69.50311
1968,63.875774
1969,67.45976
1971,64.69799
1972,67.703156
1973,62.40573
1975,63.453217
1977,69.38624
1978,63.58747
1979,64.83321
1981,63.164913
1982,67.437965
1987,65.41121
1988,64.84613
1993,68.88525
1997,68.55102
1999,65.347115
2001,68.321236
2002,68.64569
2003,68.1447
2004,55.60853
2006,64.83321
2007,64.68547
2009,63.374786
2010,65.04674
2013,70.00956
2018,56.814133
2022,63.58747
2024,64.50027
2025,62.522472
2026,63.951126
2030,63.374786
2031,68.169914
2032,69.027336
2033,65.347115
2035,68.88525
2036,63.768215
2037,64.84613
2040,68.321236
2043,66.971596
2044,64.11533
2046,63.662823
2054,67.8801
2055,63.30416
2056,63.374786
2059,63.48105
2060,65.73178
2062,62.505707
2063,65.28329
2066,68.321236
2067,68.27032
2072,68.1447
2073,64.45211
2074,68.76802
2075,63.96857
2076,64.707695
2080,65.244286
2082,65.73178
2085,63.875774
2087,65.463196
2091,69.78097
2092,69.732124
2093,63.374786
2098,69.38624
2101,64.256874
2102,64.40571
2103,56.038296
2105,63.195705
2106,67.26746
2107,63.58747
2110,63.619633
2114,64.11533
2115,63.768215
2117,58.279358
2118,67.17788
2119,64.9383
2120,63.579338
2122,67.56154
2123,65.34819
2126,65.66398
2127,64.45211
2128,67.831474
2129,64.45211
2132,68.76802
2135,68.34645
2138,69.38624
2139,68.76983
2141,68.169914
2142,65.3782
2146,67.88926
2151,65.492615
2157,64.45211
2159,63.02346
2162,64.10163
2164,70.45124
2167,62.894295
2168,67.21952
2171,68.88525
2173,64.34918
2174,67.73859
2175,64.02044
2178,64.10163
2180,68.321236
2185,66.72802
2189,66.98561
2190,68.27032
2192,65.751595
2194,68.64569
2200,63.374786
2201,68.64569
2203,65.53208
2204,68.64569
2205,63.769474
2209,69.291565
2213,64.49979
2214,63.448944
2215,66.933105
2216,68.64569
2218,64.580925
2219,68.91046
2220,68.82223
2222,67.28025
2223,64.45211
2225,64.45211
2226,64.7433
2230,69.38624
2233,66.77313
2234,63.769474
2235,68.64569
2236,53.884308
2237,68.169914
2240,68.64569
2241,66.859055
2248,67.18815
2249,69.62544
2250,63.311764
2252,66.307
2253,68.64569
2254,69.027336
2256,55.441586
2258,67.47917
2259,63.455757
2262,68.321236
2265,64.10163
2266,65.86612
2269,69.50857
2271,64.76492
2273,64.768036
2274,63.327255
2275,68.64569
2277,68.71356
2279,68.64569
2280,53.884308
2282,68.321236
2283,67.40201
2288,63.52582
2289,69.53378
2291,63.219948
2292,68.76983
2297,68.70234
2298,66.84548
2299,69.26901
2300,66.3693
2301,62.528515
2304,63.30416
2305,67.38304
2306,68.321236
2308,64.707695
2309,63.311764
2311,69.50857
2312,65.33644
2316,66.24791
2321,65.41121
2322,65.46519
2325,64.9383
2326,68.169914
2329,68.76983
2330,68.71356
2331,63.82703
2332,65.72565
2333,68.321236
2334,65.751595
2335,65.59681
2337,64.31761
2338,68.88525
2340,65.72565
2342,63.374786
2345,64.6422
2349,68.919044
2351,53.844124
2352,63.579338
2354,67.927246
2355,66.24677
2357,64.45211
2358,64.083626
2360,68.82223
2361,67.927246
2364,64.22216
2366,65.79472
2369,64.61632
2370,68.45327
2371,65.72565
2373,65.65374
2374,68.94456
2376,65.9122
2378,68.91046
2382,64.76492
2383,62.71896
2386,65.58622
2387,69.38624
2389,65.72172
2390,69.53378
2392,68.1447
2398,65.72565
2399,63.957855
2400,68.1447
2401,69.29306
2402,63.174347
2404,67.66893
2407,65.97618
2408,64.87265
2409,64.78857
2412,59.671402
2413,69.38624
2415,68.169914
2420,69.53378
2422,68.321236
2423,67.29934
2426,63.02346
2432,68.71356
2434,69.38624
2435,64.82695
2436,64.22312
2438,69.291565
2440,63.888103
2443,69.38624
2444,62.810776
2447,67.18815
2450,63.640614
2454,68.88525
2455,64.45211
2459,68.321236
2460,65.20793
2463,68.88525
2465,67.30935
2468,56.96945
2469,68.1447
2474,65.71786
2478,63.093155
2480,63.81251
2481,68.64569
2489,68.321236
2490,63.875774
2492,65.73178
2496,68.321236
2497,64.7414
2500,63.26611
2505,68.321236
2507,68.321236
2508,63.769474
2509,65.244286
2510,55.60853
2513,63.164913
2515,68.321236
2518,62.71896
2519,69.14967
2520,62.71896
2521,63.311764
2523,66.91599
2525,68.169914
2529,63.769474
2530,68.1447
2533,69.75734
2535,65.46564
2538,65.96662
2544,69.53378
2553,66.20954
2556,65.29684
2558,62.117428
2559,69.53378
2560,64.71192
2561,65.82689
2562,65.4185
2563,66.08721
2564,67.56154
2565,66.77313
2567,64.57445
2572,67.6059
2575,63.954205
2576,65.9122
2577,67.10492
2578,67.26746
2579,64.83321
2580,63.69807
2582,66.644455
2583,68.29225
2587,68.169914
2589,65.82689
2590,67.6059
2591,63.769474
2594,65.51818
2597,68.88525
2598,68.34645
2599,63.30416
2600,65.369644
2602,69.53378
2603,67.6059
2604,63.709805
2606,64.32802
2607,54.89115
2608,68.1447
2613,63.769474
2614,67.33162
2615,64.33222
2617,63.951126
2620,67.56154
2623,64.052345
2624,64.11533
2627,63.769474
2629,54.89115
2630,64.82695
2632,69.44555
2636,63.086483
2639,68.91046
2640,66.12005
2642,63.769474
2644,68.34645
2646,64.50027
2647,63.086483
2649,65.244286
2650,67.17553
2652,68.34645
2653,63.8458
2655,64.57445
2657,65.72565
2659,66.62414
2662,62.71896
2663,68.64569
2664,69.26635
2665,66.84847
2670,64.94368
2671,66.12005
2672,68.66789
2675,68.34645
2677,64.49909
2679,64.05231
2683,63.951126
2684,62.522472
2685,69.767334
2688,67.237595
2689,69.38624
2690,64.28614
2693,68.332466
2694,63.875774
2697,65.686935
2699,63.219948
2703,64.66839
2705,66.84548
2709,56.4543
2710,70.00956
2711,63.662823
2712,68.55102
2713,68.57316
2714,64.88136
2715,68.1447
2717,62.40573
2718,68.91046
2720,65.59041
2721,64.369156
2726,68.64569
2728,63.448944
2731,69.53378
2732,67.54615
2734,63.086483
2736,68.52635
2737,69.26635
2738,67.102646
2739,63.764008
2746,63.26611
2749,65.751595
2751,72.08763
2752,64.068
2753,63.72117
2757,63.374786
2758,64.40728
2759,65.74544
2760,68.169914
2762,64.83321
2764,63.219948
2765,68.40948
2769,65.58327
2771,65.28946
2774,63.374786
2776,68.321236
2777,65.79472
2778,65.73178
2779,66.029655
2782,66.10058
2784,65.67445
2787,69.38624
2789,65.847275
2792,68.45327
2798,63.640614
2799,67.30502
2800,66.2873
2801,55.491653
2802,65.51818
2804,67.48551
2807,66.68716
2808,68.321236
2809,69.53378
2811,68.652954
2812,66.244225
2814,63.219948
2816,64.369156
2817,65.20216
2818,64.645096
2820,65.356514
2821,56.869156
2822,65.9445
2823,64.4661
2824,66.175446
2826,68.99158
2829,65.73178
2834,65.96891
2835,59.13678
2838,68.88525
2839,64.45211
2840,67.018394
2841,65.81138
2842,68.321236
2846,69.64725
2848,69.38624
2849,67.83261
2850,64.88136
2851,65.22656
2853,67.66893
2854,63.769474
2858,69.13589
2861,69.767334
2864,65.73178
2865,68.64569
2866,65.5311
2867,63.448944
2868,65.62389
2870,66.75804
2877,68.169914
2878,63.769474
2880,65.9122
2882,55.269688
2883,64.1416
2884,66.84548
2885,63.448944
2887,68.321236
2888,66.24677
2889,64.680275
2890,67.84547
2891,69.50857
2892,70.45124
2893,64.41864
2898,64.16381
2899,69.38624
2900,65.825485
2901,65.4185
2909,68.82223
2910,68.34645
2911,65.07543
2913,64.14911
2914,68.169914
2918,68.64569
2919,64.16381
2920,64.90461
2921,63.769474
2922,67.356834
2923,63.85209
2925,66.418045
2926,63.69807
2927,63.769474
2929,65.41121
2933,65.14326
2934,63.58747
2936,68.793236
2941,63.519615
2942,69.38624
2943,63.327255
2945,63.951126
2950,65.44065
2951,65.9122
2953,69.291565
2954,69.26635
2955,65.3194
2956,65.46654
2960,64.76492
2962,65.825676
2963,63.998108
2964,67.84547
2966,54.775276
2967,63.086483
2968,63.26302
2969,63.453217
2971,65.46564
2972,68.70234
2974,68.82223
2975,64.66868
2977,72.08763
2980,65.41121
2981,63.28297
2983,69.26635
2984,63.58747
2985,68.76983
2986,63.086483
2987,68.70234
2989,67.28025
2990,65.9122
2991,68.91011
2992,56.038296
2995,65.686935
2996,63.097057
3002,68.09389
3004,64.83321
3005,68.76983
3006,63.83012
3010,64.1416
3011,65.439285
3014,63.69807
3015,68.07217
3016,65.1554
3017,63.98856
3018,63.49166
3021,66.346924
3024,68.34645
3028,63.28782
3030,65.73178
3032,65.244286
3039,64.40791
3040,63.098812
3041,65.95604
3043,67.66893
3044,65.34819
3046,65.01413
3055,63.635864
3056,64.45211
3058,63.453217
3059,69.291565
3061,70.45124
3063,64.45211
3066,68.321236
3067,68.34645
3068,53.884308
3069,64.369156
3072,67.45856
3073,66.662254
3074,66.76282
3077,64.28721
3082,64.85885
3084,65.686935
3085,63.64412
3088,68.34645
3091,67.66893
3092,66.84847
3093,67.2686
3094,69.53378
3096,64.49909
3097,67.56154
3098,55.441586
3102,68.652954
3106,64.90461
3109,65.45516
3111,67.831474
3112,68.76983
3113,64.369156
3115,68.1447
3116,64.72545
3117,68.88525
3121,64.21079
3122,68.88525
3123,63.26611
3124,63.875774
3125,65.1554
3126,67.28212
3127,70.45124
3129,63.329132
3130,64.8472
3132,63.88205
3134,64.8704
3135,68.55102
3137,56.35858
3138,68.169914
3140,68.5258
3144,63.311764
3145,68.64569
3146,64.33222
3147,65.244286
3148,64.45035
3149,65.58622
3150,65.2428
3151,65.45516
3152,69.16811
3155,68.18486
3156,64.88136
3159,64.84613
3161,69.50311
3162,65.3194
3163,63.93075
3165,66.346924
3172,67.56154
3173,64.45035
3176,68.79057
3177,68.6606
3179,64.66868
3183,69.732124
3186,66.661934
3187,69.0903
3189,63.5998
3190,64.083626
3192,70.45124
3193,67.56154
3194,67.25301
3197,66.280334
3198,64.65232
3200,68.76802
3201,68.652954
3202,64.65232
3204,68.321236
3205,65.19663
3206,63.875774
3208,64.9383
3210,66.05122
3211,69.50857
3212,70.45124
3213,68.169914
3214,64.256874
3216,67.84547
3219,64.089836
3220,68.91046
3221,64.369156
3226,66.160065
3227,69.38624
3228,64.87265
3229,63.519615
3232,56.038296
3233,62.40573
3234,66.65854
3236,68.321236
3238,63.268486
3239,65.1749
3240,68.321236
3247,64.33222
3249,67.09928
3252,64.61632
3253,68.321236
3254,65.20216
3255,68.70234
3256,68.59647
3257,63.795322
3262,68.45327
3263,68.34645
3264,65.46654
3266,68.11016
3267,69.291565
3269,68.88525
3272,68.76983
3274,66.280334
3275,65.23964
3277,69.38624
3279,64.61632
3280,64.4661
3283,63.076603
3285,68.321236
3287,69.02679
3288,68.34645
3290,64.21079
3291,68.169914
3298,65.82039
3299,63.841057
3302,64.738655
3303,65.48609
3304,63.086483
3307,64.335304
3309,66.85585
3314,54.17261
3316,66.652145
3317,66.67578
3319,66.202774
3320,64.16381
3321,63.6659
3322,65.497314
3324,64.37562
3326,67.66893
3329,64.45211
3330,67.56154
3331,64.83321
3335,70.45124
3337,68.321236
3338,64.84615
3339,64.67303
3340,64.16381
3341,68.169914
3343,64.369156
3346,67.831474
3348,65.244286
3351,68.34645
3352,68.76983
3355,63.164913
3356,65.04213
3358,65.20793
3359,63.640614
3360,64.46855
3371,64.0206
3372,64.369156
3374,67.46643
3377,63.58747
3378,64.57331
3380,65.03011
3382,69.38624
3386,65.15331
3389,64.91963
3391,65.703094
3393,67.6059
3394,65.3194
3395,64.53477
3397,63.769474
3398,68.64569
3399,58.279358
3400,65.7867
3404,66.84548
3407,65.439285
3409,61.912083
3419,69.38624
3421,68.64569
3425,63.374786
3427,55.406273
3428,68.76983
3429,65.82039
3431,68.88525
3435,66.241135
3436,65.16967
3439,64.083626
3441,68.88525
3442,68.76983
3443,68.45327
3444,66.08721
3445,67.6059
3446,68.96977
3449,65.73178
3453,64.02681
3457,64.8818
3460,67.84547
3461,67.98869
3462,63.374786
3464,64.45211
3465,53.884308
3466,65.83615
3467,64.45211
3468,68.14702
3469,65.2428
3470,62.96974
3472,63.769474
3473,67.56154
3475,62.77606
3476,65.82039
3478,65.41121
3479,68.169914
3483,65.67793
3484,64.4661
3485,68.55102
3487,63.34007
3488,65.34819
3496,64.45211
3497,69.38624
3499,64.76492
3500,53.884308
3501,63.97883
3504,64.860176
3508,63.374786
3511,69.50857
3512,69.18147
3515,63.49166
3517,67.6059
3518,64.94832
3526,65.20216
3528,69.56196
3529,67.5964
3530,66.836266
3531,64.12484
3532,68.91046
3533,64.6422
3534,64.369156
3535,54.01602
3536,68.1447
3537,66.665
3538,68.169914
3539,64.645096
3540,64.97452
3545,65.3194
3546,63.164913
3550,64.788475
3551,66.703766
3553,64.098915
3554,67.84547
3557,68.169914
3558,65.3245
3559,65.73178
3561,68.169914
3562,63.769474
3563,68.340164
3564,68.34645
3565,67.6059
3567,68.88525
3571,68.34645
3572,69.26635
3574,69.44555
3576,63.841057
3577,65.80601
3578,64.047005
3579,63.841057
3583,64.42171
3585,70.00956
3586,64.8609
3587,66.67615
3593,65.41217
3594,68.79057
3595,64.40791
3599,63.640614
3600,66.28115
3601,63.769474
3602,65.73178
3604,67.46643
3609,68.652954
3610,64.28614
3612,65.361885
3614,65.87699
3615,66.74522
3617,64.61632
3618,64.2692
3619,65.46414
3620,65.82039
3621,63.841057
3625,68.51581
3626,66.76394
3630,67.1347
3631,68.88525
3632,63.58747
3633,64.06293
3634,64.83321
3637,67.6059
3639,64.38786
3640,64.16381
3641,65.244286
3644,65.04213
3645,67.52035
3646,64.930504
3647,64.90461
3648,63.268486
3653,65.34819
3654,68.1447
3655,63.951126
3659,67.40201
3660,69.00212
3662,63.875774
3666,68.1447
3668,68.55102
3671,68.88525
3673,67.508156
3674,63.86129
3675,63.086483
3681,63.852192
3682,65.9122
3686,64.256874
3687,69.00212
3692,56.211197
3695,64.33222
3696,67.27255
3699,65.37138
3705,68.299385
3707,56.038296
3708,64.63509
3709,65.9122
3710,68.070786
3712,69.26635
3715,65.9122
3716,64.02044
3720,63.02346
3722,56.038296
3726,64.94368
3728,68.88525
3729,69.815674
3731,64.9383
3735,63.662823
3736,64.981224
3739,66.346924
3741,67.22901
3743,67.82004
3744,65.347115
3745,66.662254
3746,69.38624
3751,63.086483
3753,68.169914
3760,64.45211
3761,63.374786
3762,64.61632
3763,66.859055
3765,63.519615
3768,62.268425
3769,63.841057
3770,65.67103
3773,65.5311
3774,65.46654
3776,65.847275
3778,64.02352
3779,64.49909
3780,65.347115
3781,63.998108
3782,68.82223
3783,63.769474
3784,68.08168
3786,66.24086
3789,64.88136
3790,64.17929
3793,64.83321
3795,65.9122
3797,69.26635
3798,68.76983
3800,65.16967
3804,65.46654
3810,65.32516
3815,65.34819
3816,65.46654
3818,66.28446
3824,63.769474
3828,67.06414
3830,66.96478
3831,66.69659
3832,54.89115
3834,65.9122
3835,65.66531
3836,65.07543
3838,68.321236
3839,70.45124
3840,63.951126
3845,63.23131
3846,66.62414
3847,67.6059
3849,55.441586
3853,64.33222
3855,63.374786
3856,68.321236
3864,56.32385
3865,68.169914
3866,64.70118
3867,65.51818
3868,65.16967
3869,62.522472
3871,68.1447
3875,66.836266
3876,68.88525
3878,64.87759
3879,65.41121
3881,65.16967
3883,66.00061
3884,67.785805
3886,62.90672
3890,68.16664
3893,65.09422
3897,63.58747
3901,64.8704
3902,64.256874
3913,64.256874
3914,64.90461
3916,63.206097
3917,65.9122
3924,63.195705
3925,63.657585
3928,64.25848
3929,65.25638
3932,63.35671
3933,67.84547
3934,57.71534
3935,65.73178
3936,68.321236
3937,66.62414
3938,64.9152
3939,65.07543
3943,65.901184
3944,63.769474
3945,65.34819
3946,68.169914
3947,64.04392
3948,63.086483
3949,63.268486
3950,68.229225
3951,66.00783
3952,63.374786
3953,63.58747
3961,68.64569
3962,66.859055
3966,63.619633
3967,65.58622
3968,68.82223
3969,64.70118
3970,64.76492
3971,63.374786
3973,70.00956
3974,63.268486
3975,64.33222
3977,63.374786
3979,64.43097
3985,69.38624
3986,65.03011
3988,65.78427
3991,69.26635
3992,67.237595
3993,69.38624
3994,67.33162
3995,70.33905
4005,63.662823
4007,63.72117
4008,66.72802
4009,68.08168
4010,64.505936
4011,59.019905
4012,66.47413
4013,63.195705
4015,64.45211
4016,64.45211
4018,64.66868
4025,68.321236
4026,64.38038
4028,64.86539
4029,63.72117
4031,68.88525
4032,65.62389
4033,69.26901
4034,66.84548
4037,68.050026
4038,69.0328
4039,67.768456
4041,63.26302
4042,64.99742
4043,69.26635
4044,67.84547
4045,68.169914
4046,65.37138
4047,64.256874
4048,62.810776
4049,68.169914
4051,63.086483
4052,63.268486
4058,67.84547
4062,68.593254
4064,65.23964
4067,63.72117
4068,54.89115
4070,69.00212
4072,69.74841
4074,66.43232
4075,68.169914
4076,66.207794
4077,68.1447
4078,63.639828
4080,67.84547
4082,65.94848
4085,67.6059
4086,63.875774
4088,64.38038
4089,68.5258
4092,54.01602
4094,65.51818
4095,64.45211
4096,68.169914
4097,65.78291
4102,67.66893
4105,68.169914
4107,67.54615
4111,68.45327
4112,63.387115
4113,65.28571
4114,70.233116
4115,68.1447
4116,64.83321
4117,68.21258
4118,63.58295
4119,65.78427
4120,63.998108
4122,56.50473
4125,64.90461
4126,64.83321
4129,65.9122
4134,63.58747
4137,65.29684
4141,63.49166
4142,65.645454
4144,68.321236
4145,63.195705
4146,69.50857
4150,64.65232
4151,56.241707
4154,63.72117
4156,64.083626
4157,63.86129
4159,64.45211
4160,63.086483
4161,64.49909
4168,62.618416
4171,65.41121
4172,64.12985
4173,63.72117
4175,65.72822
4176,67.84547
4177,68.321236
4178,68.79057
4179,69.38624
4181,63.49264
4183,63.72117
4184,64.37375
4185,62.117428
4186,66.62104
4188,64.57445
4190,66.46831
4192,64.40373
4193,65.09422
4194,63.769474
4195,68.169914
4196,54.89115
4202,64.535385
4203,65.41002
4208,65.37858
4209,68.692345
4210,65.51818
4211,64.61632
4212,68.76983
4214,65.41121
4215,65.244286
4216,63.888103
4217,65.46564
4219,65.87483
4222,66.62414
4224,56.877502
4231,65.41121
4232,63.72117
4234,64.50275
4236,68.321236
4237,68.34645
4240,67.518974
4242,63.58747
4243,65.458145
4247,64.90461
4248,64.28614
4249,69.0328
4254,66.08721
4263,64.42171
4265,64.33222
4267,69.50857
4268,66.46831
4271,64.45211
4272,65.15331
4273,66.859055
4274,64.590836
4276,68.82223
4278,64.10163
4280,64.1416
4281,65.9122
4283,66.21467
4284,63.387115
4285,69.38624
4286,64.524506
4287,68.88525
4288,69.21019
4289,66.85585
4290,59.671402
4293,68.07217
4296,68.34645
4297,65.66531
4299,62.318405
4303,66.21432
4310,68.82223
4312,65.41121
4318,68.34645
4320,64.140816
4322,68.64569
4323,67.43524
4325,65.41121
4326,65.9122
4328,65.02221
4330,65.41121
4332,66.08721
4333,69.50857
4335,68.169914
4336,66.93234
4338,63.195705
4341,68.94456
4342,63.58747
4344,67.84547
4347,64.11533
4348,67.84547
4351,65.78291
4352,64.22216
4353,64.61632
4355,66.08721
4356,67.6059
4359,67.102646
4360,69.26635
4361,67.39093
4364,63.640614
4365,66.68716
4368,68.169914
4372,63.834316
4374,68.88525
4376,65.244286
4377,64.99761
4380,64.694695
4383,64.61632
4384,64.10163
4385,66.28048
4389,69.26901
4391,69.02679
4392,62.90672
4393,64.089836
4395,67.66893
4396,63.769474
4398,66.50425
4399,69.50857
4401,64.84613
4406,68.229225
4408,65.41121
4412,67.84547
4415,69.50857
4418,65.84428
4419,68.88525
4420,55.441586
4422,63.769474
4423,68.88525
4425,68.88525
4428,63.875774
4431,64.337524
4434,66.29579
4436,64.619286
4437,68.66145
4439,70.45124
4440,68.1447
4441,63.951126
4444,68.82223
4445,65.41121
4446,64.369156
4447,64.78713
4452,65.3194
4456,64.45211
4457,67.6059
4458,65.54205
4460,67.6059
4461,70.45124
4462,63.709805
4465,64.51593
4466,63.998108
4468,66.67183
4469,65.0311
4472,63.709805
4475,69.38624
4478,68.76802
4479,63.951126
4480,64.8818
4483,57.070595
4484,63.28782
4485,65.03011
4486,64.76492
4488,68.64569
4489,66.72802
4490,63.26611
4491,68.91046
4492,67.24016
4493,64.93196
4494,68.21258
4495,67.3944
4498,56.35858
4499,68.050026
4500,67.36236
4503,67.482376
4505,64.51593
4506,69.50857
4507,65.41371
4508,68.34645
4510,65.9122
4511,64.57331
4513,64.76492
4516,55.441586
4519,65.66531
4521,70.00956
4531,63.208588
4532,55.660244
4533,68.91046
4534,64.33222
4536,68.34645
4537,67.6059
4539,68.88525
4542,66.81192
4545,68.07217
4549,67.56154
4551,64.15428
4554,66.859055
4556,65.37138
4559,65.537186
4561,66.2839
4562,64.568985
4566,68.612366
4569,68.169914
4570,63.769474
4573,63.619633
4574,62.798313
4575,69.732124
4577,65.53987
4578,66.62414
4580,64.45211
4582,65.73178
4583,63.769474
4585,64.28721
4587,68.34645
4595,64.35119
4596,64.45211
4601,68.20401
4602,65.36513
4603,63.546013
4605,65.04106
4606,66.35795
4607,64.21079
4608,63.819458
4610,64.25848
4613,66.970245
4617,67.71327
4618,65.87461
4619,64.40373
4620,65.32516
4622,67.56154
4625,67.6059
4626,68.34645
4627,62.90672
4629,61.717453
4631,63.164913
4633,68.34645
4634,67.94623
4635,63.47426
4639,68.5258
4640,63.81662
4642,66.84548
4644,63.58747
4646,68.34645
4647,68.64569
4648,55.283264
4649,68.169914
4650,66.74394
4655,67.56154
4660,68.91046
4661,65.98969
4662,68.52006
4663,65.150986
4665,68.1447
4666,66.665
4667,66.84548
4668,66.38969
4670,63.374786
4671,66.418045
4672,68.169914
4673,66.84548
4675,66.84548
4676,66.04144
4677,69.291565
4680,64.1416
4682,64.1416
4683,65.02645
4685,67.84547
4686,66.28007
4688,63.769474
4690,65.20793
4692,64.61632
4693,68.18904
4697,67.56154
4700,64.45211
4702,64.568985
4707,70.45124
4708,67.6059
4710,58.455894
4716,68.64569
4717,64.1416
4718,68.21258
4720,64.1416
4721,60.976906
4723,66.415
4726,65.34819
4727,63.164913
4729,64.3897
4731,68.1447
4732,65.37138
4735,69.53378
4736,65.41121
4737,63.546013
4738,63.327255
4739,66.62414
4744,65.41121
4747,68.21258
4749,64.514915
4750,67.6059
4752,63.769474
4755,68.82223
4756,65.87201
4757,65.5311
4758,63.311764
4759,67.102646
4763,64.1416
4764,67.60917
4765,68.55102
4766,63.75454
4767,65.87699
4769,63.387115
4770,66.72588
4771,56.96945
4772,67.84547
4774,63.769474
4776,65.783714
4777,64.45211
4778,70.00956
4780,63.374786
4784,63.374786
4786,68.55102
4787,54.89115
4788,66.337135
4789,63.769474
4791,67.014694
4792,65.74226
4795,66.836266
4796,65.032074
4803,63.69807
4805,66.175446
4807,64.369156
4809,68.07217
4816,68.169914
4817,55.491653
4818,63.164913
4820,67.26746
4821,66.08721
4823,65.9122
4824,63.02346
4825,63.951126
4829,63.8458
4830,64.535385
4831,66.37395
4833,63.58747
4836,64.90461
4837,63.769474
4838,69.38624
4840,63.58747
4841,55.441586
4842,63.453217
4843,64.83321
4844,68.88525
4849,64.99761
4851,64.29631
4852,69.01679
4858,65.14361
4860,64.535385
4863,65.5232
4864,65.67445
4865,66.72802
4867,63.82703
4868,68.1447
4869,66.46831
4873,68.88525
4875,68.82223
4876,64.49909
4877,68.88525
4878,67.927246
4880,54.89115
4886,63.662823
4888,65.41121
4889,65.10499
4890,64.16381
4893,69.26635
4895,69.26635
4896,66.836266
4899,65.51818
4901,69.53378
4902,65.76872
4903,68.1447
4904,63.769474
4910,65.67445
4912,64.40373
4915,65.42082
4916,63.951126
4917,69.38624
4920,67.84547
4927,66.84548
4928,64.694695
4931,66.84548
4934,68.321236
4936,64.73283
4939,66.21432
4942,65.2428
4943,64.535385
4944,66.84847
4945,69.26635
4947,67.99027
4948,64.529076
4951,63.619633
4952,63.769474
4953,66.85585
4956,68.1447
4957,65.537186
4958,68.1447
4960,66.22799
4968,67.6059
4969,63.709805
4971,65.58622
4973,63.769474
4975,65.04213
4976,65.244286
4978,67.508156
4979,65.41189
4982,63.086483
4983,65.81138
4984,69.38624
4985,70.45124
4986,67.56154
4987,68.64569
4988,68.82223
4994,69.26901
4995,64.535385
5002,55.94072
5004,68.169914
5005,67.151825
5006,68.321236
5007,67.113235
5009,64.45211
5011,63.769474
5014,69.38624
5015,64.788475
5018,68.40948
5019,66.836266
5020,68.18904
5021,67.969795
5022,65.244286
5023,68.321236
5025,64.535385
5032,69.38624
5034,65.46564
5036,66.01917
5038,63.086483
5039,70.22896
5046,64.541405
5049,66.836266
5051,65.20797
5052,63.448944
5053,63.769474
5054,64.535385
5055,63.219948
5057,67.6059
5059,68.321236
5062,67.85916
5063,63.951126
5065,67.7873
5069,67.6059
5071,64.76492
5074,63.098812
5075,63.69807
5076,67.470566
5077,54.89115
5079,65.406334
5080,69.38624
5081,63.769474
5083,66.5628
5088,65.5311
5089,69.38624
5093,66.15673
5094,64.45211
5095,68.82223
5099,68.91046
5101,66.67615
5103,65.751595
5104,70.00956
5105,64.45211
5107,68.57316
5108,63.86129
5109,69.38624
5111,68.07217
5112,67.927246
5113,69.38624
5114,64.71312
5115,63.086483
5118,69.38624
5122,64.535385
5123,54.01602
5125,65.11044
5127,67.09928
5128,69.00212
5129,69.276276
5132,68.321236
5134,64.256874
5135,64.369156
5137,65.20216
5142,62.77872
5143,68.40948
5144,66.175446
5148,67.508156
5149,67.6059
5150,63.195705
5154,54.01602
5155,66.33073
5159,64.41864
5164,69.38624
5165,65.20292
5166,69.26635
5167,63.875774
5169,68.169914
5171,63.11154
5172,65.9122
5176,68.321236
5184,64.32484
5185,68.169914
5186,63.410023
5188,63.195705
5189,64.49909
5190,67.785805
5191,65.20292
5193,65.9122
5196,63.219948
5199,55.283264
5200,65.41121
5203,67.83261
5204,64.256874
5205,66.91366
5207,68.321236
5208,67.70908
5212,68.88525
5214,69.26635
5218,68.321236
5220,68.64569
5222,64.34004
5224,66.58994
5225,67.84547
5227,69.02679
5229,66.836266
5232,63.52582
5233,68.652954
5234,63.258728
5237,63.769474
5239,69.0328
5240,65.704285
5241,66.836266
5244,67.387375
5248,66.67967
5251,66.791695
5253,67.6059
5255,69.50857
5256,62.994667
5257,66.70717
5259,65.96662
5260,65.5311
5266,69.02679
5268,64.63232
5275,63.769474
5276,65.28946
5277,68.793236
5279,69.50857
5280,66.836266
5281,62.71896
5283,68.793236
5284,56.038296
5285,65.46654
5286,68.91046
5287,65.39203
5289,64.90461
5290,65.9122
5292,62.21471
5293,69.38624
5294,65.04995
5297,62.810776
5299,65.25961
5302,64.369156
5305,57.465664
5306,68.88525
5308,68.169914
5309,63.086483
5310,68.91046
5312,65.41121
5316,64.16381
5317,67.83261
5319,55.441586
5320,64.535385
5323,69.38624
5329,64.32802
5331,67.927246
5334,65.28946
5336,65.9122
5338,68.48939
5341,68.91046
5345,64.814186
5348,68.1447
5349,67.39902
5355,63.374786
5356,68.64569
5360,64.9383
5362,64.61632
5364,64.61632
5366,63.836536
5367,68.169914
5368,65.187584
5370,67.6059
5371,54.89115
5373,66.09779
5375,63.769474
5376,69.38624
5378,64.45211
5379,68.88525
5383,68.82223
5384,63.85209
5389,64.45211
5391,54.01602
5393,69.65066
5395,64.16381
5397,66.538635
5398,68.793236
5399,64.04392
5401,68.76983
5402,68.1447
5403,63.662823
5404,68.1785
5407,54.89115
5408,67.6059
5413,67.59186
5414,69.50311
5417,63.219948
5418,62.21471
5420,64.647766
5421,67.29268
5424,69.38624
5425,64.256874
5426,67.785805
5429,64.45211
5431,68.82223
5437,66.24791
5440,66.791695
5444,64.741806
5446,64.788475
5447,68.76802
5451,63.819458
5452,67.46643
5455,63.258728
5456,67.10492
5458,62.810776
5459,63.58747
5460,64.795845
5462,63.954205
5463,67.18815
5464,64.96774
5465,64.45211
5466,64.76492
5467,65.41121
5468,68.88525
5469,65.150986
5472,67.486015
5474,68.321236
5475,67.35068
5476,64.65232
5479,68.14971
5480,63.268486
5482,63.179413
5485,63.382042
5486,68.76983
5488,55.53031
5495,66.836266
5496,68.88525
5497,64.83321
5499,65.78427
5503,62.60381
5504,69.26635
5507,63.72117
5509,69.38624
5511,63.818897
5512,68.25359
5516,63.268486
5517,65.244286
5518,64.45211
5521,62.810776
5522,67.59927
5527,64.76492
5528,69.26901
5529,65.23964
5532,68.88525
5533,63.311764
5535,65.67105
5536,69.50857
5540,66.337135
5547,68.88525
5548,66.836266
5550,55.441586
5551,65.074295
5554,63.80765
5555,69.56196
5559,65.3245
5560,64.654434
5561,66.84791
5562,69.38624
5563,64.65278
5565,58.455894
5566,68.64569
5567,64.741806
5568,64.506935
5572,63.26611
5574,69.26635
5576,70.00956
5579,63.951126
5580,60.976906
5581,67.7368
5583,63.82703
5584,64.33222
5586,66.37733
5587,68.793236
5589,65.78291
5591,66.81192
5592,63.14622
5593,63.704346
5594,69.38624
5595,58.279358
5596,63.769474
5597,62.522472
5598,70.45124
5599,69.26635
5602,65.150986
5603,69.38624
5605,67.29268
5607,65.51818
5608,64.889656
5609,67.66893
5610,68.1447
5612,63.26611
5613,64.49909
5614,63.086483
5616,68.88525
5621,65.28571
5623,68.79057
5628,69.02679
5629,67.10492
5631,70.00956
5633,69.60944
5638,67.09928
5639,68.321236
5640,63.88205
5645,68.82223
5646,56.005596
5649,66.415
5653,65.03178
5655,65.20292
5656,64.97586
5658,64.732285
5662,68.652954
5663,63.329132
5667,67.486015
5670,69.26635
5671,65.78291
5672,68.321236
5673,64.99861
5674,68.82223
5675,64.236206
5676,68.321236
5679,63.268486
5683,64.45211
5687,69.38624
5688,54.01602
5690,68.793236
5691,65.3194
5692,67.56154
5693,65.74579
5694,65.347115
5697,64.33222
5698,65.51527
5699,63.268486
5704,68.70234
5707,63.268486
5709,64.45035
5710,68.169914
5714,66.19881
5718,68.82223
5721,65.07909
5723,64.41864
5724,67.7873
5725,67.6059
5726,64.99742
5729,63.72117
5730,64.45211
5731,68.70234
5733,53.844124
5736,66.09896
5741,62.68144
5745,66.836266
5747,68.321236
5748,68.168755
5750,63.387115
5751,70.00956
5752,67.10492
5754,65.074295
5755,64.7433
5757,68.26157
5758,72.08763
5760,67.60917
5762,65.71645
5766,66.55221
5768,64.535385
5769,68.652954
5770,68.5258
5771,66.67615
5772,64.231834
5773,66.310005
5774,68.169914
5776,62.810776
5777,63.268486
5778,63.34007
5780,70.22896
5782,65.32073
5783,54.89115
5784,64.535385
5786,65.79472
5788,66.58782
5789,64.61632
5790,69.26635
5791,66.836266
5793,65.65005
5794,67.64857
5796,70.45124
5797,68.82223
5801,68.55102
5803,69.38624
5804,67.91347
5805,63.26611
5806,55.441586
5808,66.836266
5813,67.26746
5815,65.45516
5816,63.374786
5822,65.71783
5823,63.268486
5825,67.52637
5827,63.888103
5829,67.09771
5830,68.88525
5831,64.32802
5832,63.795322
5833,66.836266
5837,69.02679
5838,68.169914
5839,65.00299
5842,63.88205
5844,66.72802
5845,65.045586
5846,68.6969
5848,54.01602
5850,66.98276
5851,63.83905
5853,64.535385
5854,65.41121
5858,63.88205
5860,63.779697
5864,65.03011
5866,69.38624
5867,63.268486
5868,65.71786
5869,65.5232
5870,63.086483
5871,64.429115
5874,65.20292
5876,63.888103
5877,64.84613
5878,63.086483
5879,66.836266
5880,68.88525
5884,65.27525
5886,64.256874
5890,69.53378
5896,69.26635
5897,64.45211
5898,64.535385
5901,62.373833
5903,63.769474
5906,68.1447
5908,63.268486
5909,67.70273
5910,64.49909
5911,67.26746
5912,64.61632
5914,65.20292
5919,63.769474
5924,63.709805
5926,63.418026
5929,66.295044
5930,69.53378
5932,66.175446
5933,64.16381
5934,66.173256
5935,67.00523
5936,63.88248
5937,65.41121
5938,67.66893
5939,69.291565
5942,63.58747
5943,63.954594
5944,64.083626
5946,63.268486
5951,67.56154
5953,65.03011
5954,67.26746
5957,64.45211
5961,69.38624
5962,63.195705
5964,56.241707
5965,69.38624
5968,65.20292
5969,69.00212
5974,67.33162
5975,63.82703
5978,55.441586
5981,64.45211
5982,63.086483
5983,64.28182
5989,68.91046
5991,63.954594
5992,62.96974
5995,68.88525
5996,66.08721
5997,66.59854
5998,63.086483
5999,56.35858
6001,63.5998
6002,67.508156
6003,63.968704
6004,67.26746
6006,64.61632
6007,68.229225
6011,69.38624
6012,65.58622
6014,67.26746
6015,66.84847
6016,63.579338
6017,63.387115
6018,64.535385
6024,68.321236
6025,68.168755
6026,67.7873
6028,65.07543
6029,53.884308
6030,68.88525
6036,65.20292
6040,63.26611
6041,65.34819
6042,63.086483
6044,68.5258
6045,66.836266
6047,67.93895
6048,69.00212
6049,65.43149
6051,70.45124
6052,64.58461
6053,64.84613
6054,66.52923
6058,63.58747
6059,69.00212
6062,64.535385
6063,70.45124
6064,67.09928
6065,63.26611
6067,68.1447
6068,65.41121
6070,66.08721
6071,68.91046
6072,64.256874
6080,64.256874
6081,69.732124
6084,63.195705
6087,65.244286
6089,64.45211
6092,64.256874
6094,65.06102
6095,63.769474
6097,68.299385
6100,68.321236
6104,65.02221
6105,63.64721
6106,65.253746
6107,56.96945
6108,69.00212
6109,64.256874
6110,62.60381
6114,64.256874
6116,64.19361
6117,62.21471
6118,63.985046
6123,54.89115
6125,63.769474
6128,65.09422
6130,67.276825
6132,65.49597
6137,54.01602
6139,64.16381
6140,68.1785
6141,68.299385
6142,64.224464
6144,64.37166
6145,65.79472
6146,68.88525
6149,67.46015
6156,68.90116
6159,67.7873
6160,68.1785
6162,67.59925
6164,63.888103
6165,63.284695
6168,54.01602
6169,66.836266
6170,64.19361
6171,65.3245
6172,64.84613
6173,64.068
6176,63.72117
6177,66.791695
6178,63.932476
6180,69.383224
6181,66.836266
6182,67.6059
6185,63.90692
6186,66.37299
6188,66.72869
6189,65.11044
6192,63.195705
6193,67.6059
6194,66.836266
6195,68.169914
6196,68.652954
6197,64.40791
6201,66.46831
6202,68.1447
6203,65.45367
6204,63.26611
6207,68.652954
6209,64.083626
6210,68.88525
6211,65.57346
6213,65.5232
6216,64.84613
6217,64.71611
6219,63.26611
6222,54.257496
6223,69.38624
6235,63.72117
6240,63.72117
6242,65.84426
6247,68.321236
6251,63.69841
6254,65.49597
6255,65.1244
6260,67.102646
6261,68.70234
6262,63.96857
6264,66.84791
6269,65.3194
6271,63.086483
6275,64.83321
6276,63.82703
6278,68.88525
6279,66.836266
6281,69.297195
6284,65.723366
6286,68.28679
6287,54.89115
6288,64.369156
6292,65.44352
6293,64.694695
6295,68.94456
6298,64.45211
6300,63.888103
6304,68.14971
6308,64.45211
6310,68.91046
6312,64.256874
6320,68.70234
6324,67.34328
6325,64.87265
6330,68.55102
6336,64.83321
6340,62.810776
6341,63.72117
6342,64.00414
6344,70.00956
6345,63.311764
6347,66.836266
6348,63.086483
6349,64.45211
6351,54.89115
6353,64.5589
6354,64.40791
6357,68.28679
6358,64.11533
6360,65.83175
6363,69.02679
6364,64.84613
6368,67.7873
6370,67.508156
6371,68.88525
6377,64.96774
6379,68.88525
6381,64.7433
6382,55.441586
6383,66.836266
6388,66.37733
6390,66.06261
6392,67.09771
6393,68.88525
6395,67.66893
6398,68.21216
6401,55.441586
6402,67.66893
6403,64.49909
6405,69.192184
6406,64.84613
6407,63.268486
6409,67.59927
6411,62.810776
6413,63.26302
6416,64.90461
6417,68.82223
6418,63.709805
6419,68.76983
6420,67.56513
6426,65.41121
6429,68.07217
6430,68.28679
6431,64.49909
6432,64.083626
6434,70.00956
6437,65.20292
6438,65.98182
6439,64.45211
6440,65.565
6441,63.912197
6442,64.256874
6443,68.88525
6445,68.321236
6448,63.268486
6450,64.83321
6453,66.08683
6455,69.26901
6457,68.1447
6458,64.709114
6461,64.3136
6464,67.17713
6467,68.82223
6469,64.76492
6470,56.415924
6471,68.1785
6473,67.09928
6474,65.565
6479,63.6659
6481,68.1447
6484,67.73056
6495,65.457
6496,64.16381
6505,64.256874
6506,65.068474
6508,63.72117
6509,65.29684
6510,68.14971
6512,64.45211
6513,68.70234
6514,64.59694
6515,64.09042
6519,68.91046
6521,63.72117
6523,55.441586
6525,63.88205
6526,69.38624
6528,64.69799
6529,64.256874
6531,66.25744
6533,63.195705
6534,65.54409
6535,63.268486
6536,67.56154
6537,68.84462
6540,63.086483
6541,66.836266
6547,68.88525
6548,63.02346
6551,65.150986
6553,64.256874
6555,63.195705
6556,63.72117
6561,54.01602
6564,68.40948
6565,63.268486
6568,68.321236
6569,64.256874
6573,63.374786
6574,63.26611
6577,65.3194
6579,69.02679
6581,69.00212
6582,64.49909
6585,63.875774
6586,66.23476
6589,69.183655
6590,54.01602
6593,69.00212
6594,63.768215
6595,64.104
6599,68.88525
6600,63.086483
6601,68.751755
6602,64.84613
6603,63.268486
6604,64.19361
6607,67.6187
6608,69.0328
6609,65.60202
6611,69.50311
6613,64.256874
6614,68.1447
6616,64.90461
6617,64.256874
6618,67.26746
6619,61.69617
6621,63.195705
6627,65.447495
6629,68.79057
6631,54.01602
6634,67.66893
6636,68.70234
6638,68.321236
6639,64.256874
6641,63.268486
6642,69.02679
6651,67.28208
6654,56.32707
6657,68.321236
6663,64.38291
6665,64.88136
6666,68.321236
6668,67.26746
6669,63.195705
6670,69.50311
6671,66.88673
6673,68.169914
6675,63.82703
6676,54.89115
6677,64.369156
6679,63.374786
6680,64.45211
6681,68.14971
6685,66.836266
6688,64.229294
6689,67.66893
6690,65.022484
6692,64.256874
6693,63.23131
6694,68.321236
6698,68.652954
6699,62.77872
6700,66.81213
6701,68.1447
6702,66.20409
6704,67.66893
6707,64.256874
6712,63.769474
6713,65.635056
6715,69.53378
6721,65.20216
6722,63.26611
6723,67.388435
6724,65.45505
6725,68.76983
6731,67.39902
6735,60.40884
6736,69.53378
6737,63.268486
6738,68.793236
6739,63.086483
6741,70.58127
6743,67.33162
6745,67.26746
6747,64.45211
6749,68.169914
6750,65.41121
6751,72.08763
6752,69.256355
6753,64.256874
6755,63.5998
6756,64.77451
6757,65.41121
6759,65.2428
6761,64.795845
6763,68.1785
6764,68.652954
6765,68.856026
6766,68.91046
6768,64.61632
6771,67.66893
6773,65.66398
6774,68.00915
6778,66.660034
6779,69.56196
6781,64.55854
6784,69.56196
6786,67.33162
6787,63.943905
6790,66.23277
6793,62.810776
6795,64.256874
6798,65.34819
6806,63.875774
6807,68.82223
6810,67.6059
6815,64.61632
6816,62.810776
6817,65.046364
6818,69.26635
6819,67.93895
6820,68.82223
6822,69.256355
6823,70.45124
6824,66.836266
6825,67.508156
6828,54.01602
6829,67.13349
6831,63.888103
6832,68.050026
6833,63.387115
6834,68.1785
6836,70.00956
6837,63.769474
6838,66.1415
6840,63.2993
6843,63.243725
6845,61.405586
6846,62.77872
6847,63.387115
6851,64.14911
6852,68.169914
6853,64.71862
6858,69.62544
6861,65.9122
6863,68.751755
6864,54.89115
6865,65.48609
6866,63.769474
6867,68.55102
6868,63.621838
6869,69.767334
6870,66.836266
6874,64.61632
6875,63.374786
6877,64.61632
6878,66.85585
6880,67.831474
6883,65.38447
6884,68.94456
6886,66.09896
6890,68.88525
6893,64.45211
6894,63.88303
6899,64.61632
6900,68.07217
6904,62.269226
6905,65.07543
6906,64.99408
6910,65.90992
6912,63.704346
6913,68.381775
6920,64.77451
6922,64.85217
6923,64.256874
6926,68.82223
6927,67.36005
6928,66.955376
6931,68.20401
6933,68.169914
6936,64.3777
6937,63.769474
6939,64.21079
6941,67.33162
6942,69.53378
6943,69.38624
6944,63.182426
6945,64.680275
6946,64.21079
6947,70.45124
6949,67.84547
6951,67.84547
6953,69.38624
6954,67.33162
6955,64.40019
6963,70.07427
6964,64.9152
6966,68.1447
6968,62.77872
6970,66.836266
6972,68.91046
6976,63.7323
6978,63.769474
6981,63.78396
6985,65.03011
6986,68.55102
6987,65.44382
6989,63.87659
6991,70.45124
6993,68.91046
6994,69.26901
6995,64.61632
6996,64.6422
6997,65.20292
6998,58.279358
7001,69.02679
7003,68.91046
7006,65.66398
7008,70.00956
7010,62.77872
7011,65.783676
7012,64.45035
7013,67.10492
7014,66.94389
7017,61.335743
7018,67.26746
7019,63.219948
7023,65.41371
7024,63.086483
7025,64.34004
7026,65.41121
7027,63.946053
7028,69.0328
7030,64.256874
7031,68.169914
7033,65.16095
7036,67.356834
7037,64.02171
7039,67.6059
7044,64.231834
7045,63.769474
7046,69.50857
7049,64.21079
7050,67.05306
7051,66.836266
7054,65.59681
7055,64.12259
7057,68.169914
7060,64.61632
7061,64.535385
7063,65.36974
7064,64.72545
7067,67.831474
7071,68.57316
7074,67.34647
7075,63.709805
7078,63.769474
7079,67.66893
7080,65.07807
7081,68.57316
7082,63.769474
7083,66.173256
7085,67.470566
7092,68.48939
7094,69.38624
7100,64.9152
7101,65.28946
7102,63.769474
7104,65.825485
7105,64.535385
7106,68.70234
7107,64.29631
7108,54.01602
7109,63.086483
7110,63.769474
7112,68.57316
7113,68.14971
7114,69.26635
7116,63.769474
7117,63.72117
7118,64.788475
7120,64.53477
7121,64.741806
7123,66.54884
7124,66.16187
7127,67.18612
7131,66.54884
7132,69.26635
7133,64.09354
7134,64.67879
7135,67.66893
7136,64.5589
7137,64.27081
7141,63.086483
7144,67.59927
7147,64.72545
7148,67.66893
7150,67.6059
7151,64.53477
7152,65.78427
7154,68.793236
7156,65.45516
7157,65.03011
7159,70.45124
7161,64.76492
7163,63.72117
7164,63.795322
7167,54.89115
7169,64.72545
7170,63.311764
7173,63.72117
7174,65.47636
7177,67.989365
7178,65.41121
7179,63.72117
7180,55.984264
7181,66.836266
7182,63.519615
7184,68.70234
7185,65.20292
7186,63.49166
7187,67.45856
7188,64.90461
7189,65.4755
7191,66.53527
7193,69.02679
7197,64.221664
7199,68.793236
7200,63.769474
7201,67.66893
7204,68.07217
7207,64.83321
7209,68.751755
7210,64.17929
7211,64.11533
7213,66.29579
7214,65.20292
7216,65.20292
7217,63.795322
7220,64.45211
7224,64.256874
7225,63.519615
7226,65.20292
7227,64.23531
7234,65.20292
7236,61.09378
7239,65.02221
7240,67.17279
7242,68.64569
7244,64.83321
7245,65.96415
7247,64.05231
7248,65.51818
7249,70.45124
7250,67.05469
7251,68.793236
7252,65.5311
7253,54.89115
7256,64.02681
7260,68.1785
7261,63.662823
7264,69.636055
7269,67.7873
7270,63.795322
7273,64.45211
7279,64.77451
7281,66.836266
7284,61.84971
7285,66.25736
7286,70.45124
7287,68.18904
7289,68.70234
7292,68.050026
7293,63.268486
7296,68.169914
7297,64.33222
7298,65.73178
7299,63.951126
7301,67.1347
7304,63.888103
7306,68.41445
7308,68.70234
7309,63.8458
7312,68.050026
7313,54.89115
7314,68.64569
7316,62.93737
7319,66.7541
7321,70.00956
7323,68.71356
7324,66.98276
7325,65.11044
7328,63.998108
7330,53.884308
7334,63.68526
7337,65.20292
7338,68.88525
7339,63.086483
7341,67.355705
7342,65.20292
7344,64.45211
7345,64.45211
7347,69.02679
7349,66.836266
7350,68.229225
7353,63.311764
7355,67.32243
7356,62.688263
7357,63.5998
7358,70.00956
7360,68.340164
7363,63.795322
7364,68.321236
7366,69.26635
7368,64.69799
7369,66.55221
7370,64.35119
7373,63.519615
7374,64.49909
7375,69.38624
7377,63.546013
7379,68.321236
7380,68.652954
7382,63.58747
7383,63.23131
7385,68.91046
7386,67.09928
7391,66.531876
7394,68.29225
7396,67.05469
7397,68.169914
7399,64.3136
7400,65.5311
7403,54.89115
7405,63.387115
7408,64.256874
7414,68.751755
7416,63.998108
7417,68.050026
7419,68.169914
7420,67.78001
7421,69.38624
7422,67.508156
7423,64.083626
7425,54.01602
7430,68.82223
7432,68.321236
7433,69.50857
7434,65.78427
7436,65.59681
7437,62.78683
7438,64.649994
7440,63.374786
7441,68.321236
7442,64.45211
7445,64.32802
7446,63.998108
7448,64.33222
7450,63.998108
7451,68.70234
7454,65.40261
7455,70.00956
7457,65.9043
7459,63.998108
7462,67.790596
7464,68.70234
7465,64.88136
7466,67.508156
7467,67.63994
7469,64.49909
7472,69.26901
7473,64.256874
7479,63.68526
7480,67.84547
7484,64.256874
7491,63.954594
7494,64.21079
7495,69.38624
7501,67.66893
7503,67.6059
7504,68.14971
7505,64.19361
7508,65.34819
7509,67.56154
7510,54.89115
7511,67.7873
7515,68.321236
7516,64.11533
7517,69.50857
7518,63.43527
7519,65.25178
7521,68.88525
7522,66.53527
7524,64.70695
7526,64.45211
7527,65.41317
7528,65.161316
7529,65.66398
7534,63.640484
7537,65.37138
7538,66.170845
7540,68.79057
7541,65.62389
7545,66.836266
7551,68.381775
7553,64.73283
7554,66.30203
7555,69.732124
7561,65.9122
7562,64.6866
7564,69.26635
7565,63.374786
7566,65.60202
7567,69.566055
7569,65.751595
7570,63.311764
7571,67.28208
7572,68.88525
7574,66.58728
7578,63.098812
7579,63.086483
7586,65.49545
7587,59.671402
7590,68.169914
7593,64.256874
7594,68.88525
7595,65.60202
7600,63.26611
7601,55.491653
7602,68.1447
7603,68.34645
7604,64.34004
7606,68.21972
7608,68.381775
7613,54.89115
7615,63.888103
7616,65.59681
7617,66.71053
7618,65.41317
7619,66.836266
7622,69.50857
7623,65.751595
7624,69.26635
7625,64.11533
7626,65.66398
7627,66.30203
7628,55.8337
7631,65.71645
7632,66.836266
7633,65.28571
7634,68.71356
7635,63.086483
7636,65.20292
7637,65.20292
7639,63.26611
7640,54.89115
7644,63.769474
7645,67.33162
7648,67.18815
7649,69.50857
7650,66.836266
7652,64.88136
7653,64.799324
7655,68.07217
7659,65.41121
7662,65.167534
7664,67.33162
7666,65.79472
7668,70.00956
7669,69.291565
7670,67.356834
7672,68.94456
7673,68.6606
7678,64.475044
7679,56.877502
7680,63.195705
7683,66.97516
7685,70.45124
7688,67.26746
7690,65.59681
7692,67.6059
7693,64.97251
7695,65.20292
7696,69.38624
7698,64.14294
7699,68.87971
7702,64.99408
7703,65.20292
7704,69.50857
7707,67.7873
7713,54.01602
7715,66.43602
7717,68.08965
7718,68.82223
7719,64.788475
7721,67.768456
7722,68.55102
7725,62.40573
7727,66.81892
7730,56.50473
7733,67.66893
7735,66.30203
7740,65.20292
7741,64.45211
7742,62.917038
7744,64.61632
7747,69.38624
7750,53.844124
7752,65.41121
7754,64.45211
7756,64.45035
7757,68.71356
7758,65.845535
7760,63.195705
7761,63.579338
7763,68.41062
7765,63.30416
7767,65.20292
7768,67.625305
7771,65.03717
7773,68.1447
7774,65.463196
7776,63.875774
7779,68.82223
7783,69.38624
7786,64.659966
7787,69.291565
7789,69.767334
7791,65.66398
7793,68.91046
7794,64.49909
7795,64.221596
7799,54.89115
7800,64.256874
7802,68.321236
7805,64.113396
7807,65.187584
7808,69.38624
7811,67.84547
7817,65.59681
7818,66.836266
7819,68.321236
7822,62.90672
7823,63.888103
7825,64.913864
7828,68.07217
7832,68.1785
7833,55.441586
7834,65.16967
7835,68.51774
7837,66.11986
7840,67.768456
7842,65.67445
7843,69.38624
7844,64.26782
7846,63.579338
7850,69.38624
7853,63.268486
7855,68.381775
7858,69.38624
7863,66.67615
7865,63.769474
7866,68.88525
7868,64.04434
7869,65.99879
7871,54.89115
7872,63.28297
7874,65.751595
7877,67.30848
7878,67.33162
7879,65.28946
7881,63.374786
7883,65.46581
7885,64.96219
7886,64.73283
7889,65.23071
7890,64.98226
7891,66.01917
7893,68.28679
7894,62.522472
7896,66.836266
7898,69.183655
7901,69.38624
7902,69.02679
7904,63.875774
7905,67.39093
7906,69.291565
7909,67.26746
7910,66.30203
7913,68.321236
7918,63.769474
7919,67.66893
7923,67.10492
7925,63.79416
7927,63.459606
7930,68.70234
7932,69.38624
7933,67.1887
7935,67.98701
7939,63.704346
7942,67.785805
7943,68.36585
7945,63.086483
7946,64.69799
7948,69.38624
7949,64.256874
7950,63.766834
7951,65.20292
7955,68.593254
7959,68.321236
7960,65.20292
7961,65.46654
7962,65.41121
7964,65.46564
7965,69.38624
7966,63.769474
7967,63.951126
7968,64.49476
7971,64.177795
7974,67.66893
7976,68.91046
7978,67.51479
7982,65.20292
7983,67.26746
7984,67.93895
7986,65.41618
7989,64.256874
7991,69.02679
7992,68.032814
7993,69.232346
7994,63.769474
7995,68.1785
7997,67.7368
7998,67.93895
7999,65.59681
8002,63.946053
8007,63.374786
8009,69.26635
8011,63.086483
8013,68.57316
8015,65.78427
8017,67.086815
8019,70.45124
8023,69.26635
8024,65.20292
8026,65.150986
8027,67.70273
8029,63.72117
8030,63.47991
8031,63.086483
8033,69.02679
8035,68.29225
8036,64.84265
8039,65.41121
8042,64.84613
8044,63.30416
8046,55.491653
8048,63.951126
8049,67.39093
8050,67.237595
8053,68.70234
8054,68.64569
8059,63.64721
8061,64.11533
8062,67.01662
8064,64.45211
8066,62.798313
8067,69.26901
8068,64.02171
8070,65.67685
8071,63.268486
8072,68.45327
8076,68.793236
8080,64.35119
8081,66.45261
8084,68.7207
8087,64.256874
8089,63.966053
8090,68.652954
8091,67.84547
8094,68.78293
8100,66.791695
8101,65.47337
8110,67.10492
8111,69.02679
8112,69.50857
8115,69.53378
8116,69.26901
8118,64.45211
8121,68.76983
8125,66.58518
8127,62.90672
8128,68.69549
8129,69.02679
8131,68.08168
8138,64.35119
8139,66.08721
8140,63.64721
8141,68.1447
8142,64.518265
8143,64.45211
8145,65.150986
8146,67.355705
8148,68.751755
8153,65.41121
8154,63.534966
8155,65.16095
8161,67.6059
8162,65.03695
8163,67.56154
8166,65.9043
8168,65.9122
8170,68.07217
8172,69.02679
8173,67.66893
8176,67.61832
8179,69.00212
8181,65.60202
8182,70.45124
8184,65.242
8190,63.195705
8191,68.88525
8194,63.96857
8196,69.16028
8198,64.49643
8199,63.268486
8201,64.44921
8202,65.347115
8207,69.38624
8208,68.462776
8211,65.41121
8214,68.55102
8217,69.00212
8218,63.875774
8222,65.79472
8229,63.268486
8231,62.522472
8233,66.152725
8236,68.82223
8238,65.20292
8240,67.36236
8243,64.46855
8246,65.45367
8250,63.84819
8254,68.55102
8256,53.884308
8257,64.33222
8258,68.07217
8260,63.174347
8261,64.45211
8263,68.64569
8264,64.00584
8267,64.45211
8268,68.18904
8271,68.88525
8272,68.462776
8275,65.79472
8276,64.680275
8277,63.951126
8278,70.45124
8279,66.79678
8280,64.45211
8281,64.69799
8282,65.7044
8287,67.437965
8288,64.15654
8289,65.20292
8294,68.64569
8296,68.1447
8299,64.429115
8302,67.59927
8308,65.439285
8314,65.03011
8315,68.82223
8316,68.727554
8317,62.522472
8319,67.74114
8320,61.775383
8321,68.76983
8323,67.6059
8325,67.6059
8326,65.439285
8328,69.02679
8330,64.256874
8331,68.64569
8332,63.951126
8334,62.810776
8338,67.56154
8339,68.050026
8341,68.1447
8345,63.268486
8346,65.60202
8347,66.84548
8349,65.41371
8351,67.6059
8352,65.53208
8353,69.02679
8355,63.327255
8358,65.59681
8359,64.256874
8360,64.52343
8361,64.8704
8363,63.82703
8364,63.72117
8365,65.79472
8366,68.14971
8370,63.951126
8372,67.6059
8376,66.46974
8377,64.38303
8379,63.888103
8380,68.1447
8381,66.03684
8386,64.57331
8388,69.53378
8389,65.918274
8391,63.387115
8394,68.55102
8396,65.03011
8398,64.21079
8400,68.36912
8401,69.26901
8404,68.1447
8407,68.321236
8408,66.836266
8409,69.02679
8410,65.03011
8411,68.28679
8413,68.88525
8414,66.16401
8416,62.90672
